Confirmed,Obesity,Meat,Fruits - Excluding Wine,"Fish, Seafood",Animal Products,Vegetal Products
Sangat Tidak Banyak,9.638709677419357,7.030325,0.7187531250000001,2.691884375,14.249965624999996,35.749440625
Tidak Banyak,13.359375000000002,6.60553125,0.8535718750000002,3.366525,15.524281250000001,34.47595
Sedang,20.81874999999999,11.214153125,0.9736156250000001,3.1378999999999997,22.584453125,27.416262500000002
Cukup Banyak,23.503125,12.136353124999998,0.968003125,3.4929718750000003,26.715474999999998,23.284934375000002
Sangat Banyak,25.021875000000005,12.22531875,0.7348531250000001,3.1697406250000006,26.915403124999997,23.085581249999997
